{"loss":{"0":3301.6799316406,"1":2090.1193847656,"2":1590.7984619141,"3":1192.5698242188,"4":993.960144043,"5":913.5573730469,"6":889.606262207,"7":755.6358642578,"8":582.8759765625,"9":551.1283569336,"10":493.9932556152,"11":476.1870117188,"12":445.5434265137,"13":393.9385375977,"14":383.591796875,"15":397.1998291016,"16":409.046661377,"17":482.5791625977,"18":569.2180175781,"19":460.0112915039},"acc":{"0":0.5187883973,"1":0.548507154,"2":0.5344719291,"3":0.5337048769,"4":0.5348472595,"5":0.535908103,"6":0.5350186229,"7":0.5344964266,"8":0.5404450297,"9":0.5408204198,"10":0.5408448577,"11":0.5385192633,"12":0.5362100005,"13":0.5371402502,"14":0.539188385,"15":0.5358183384,"16":0.5393271446,"17":0.540689826,"18":0.5385029912,"19":0.5383152962},"val_loss":{"0":2476.4987792969,"1":2403.060546875,"2":2447.4130859375,"3":2588.4916992188,"4":2740.0437011719,"5":2891.052734375,"6":3293.1938476562,"7":3236.255859375,"8":3172.6176757812,"9":2941.8447265625,"10":3384.1950683594,"11":3120.9140625,"12":2953.0356445312,"13":2944.6274414062,"14":2935.5788574219,"15":3193.521484375,"16":3565.3186035156,"17":3438.0031738281,"18":2888.0810546875,"19":2946.3366699219},"val_acc":{"0":0.5546759367,"1":0.5382611752,"2":0.5332497954,"3":0.5335918665,"4":0.5340616703,"5":0.5293800235,"6":0.5421763062,"7":0.5231858492,"8":0.5352362394,"9":0.5015619397,"10":0.5071667433,"11":0.5236968994,"12":0.4977374673,"13":0.4905954301,"14":0.4971357584,"15":0.5121863484,"16":0.4981660545,"17":0.4887944758,"18":0.5033958554,"19":0.5178942084}}