{"loss":{"0":3437.7368164062,"1":2102.6950683594,"2":1583.4362792969,"3":1188.4248046875,"4":927.5307617188,"5":788.4802856445,"6":807.6720581055,"7":850.0397949219,"8":688.5587768555,"9":733.8088989258,"10":572.9885253906,"11":495.7208557129,"12":389.0217285156,"13":364.7052612305,"14":365.6328735352,"15":354.9865112305,"16":388.3045654297,"17":488.7902832031,"18":504.3833007812,"19":475.2403564453},"acc":{"0":0.5109466314,"1":0.5472178459,"2":0.5366832614,"3":0.5354429483,"4":0.537221849,"5":0.5319259763,"6":0.5324074626,"7":0.5328236222,"8":0.5320973396,"9":0.5404368639,"10":0.5369362235,"11":0.5363324285,"12":0.5359733701,"13":0.5359815359,"14":0.5418241024,"15":0.5344637632,"16":0.5381765366,"17":0.5377114415,"18":0.5376461744,"19":0.532130003},"val_loss":{"0":2472.6887207031,"1":2400.8588867188,"2":2508.8293457031,"3":2620.8708496094,"4":2691.3051757812,"5":2771.7565917969,"6":3349.9963378906,"7":3187.310546875,"8":3290.2614746094,"9":3018.8815917969,"10":3372.0549316406,"11":3047.6906738281,"12":2999.9055175781,"13":2970.0942382812,"14":3042.1467285156,"15":3276.1232910156,"16":3418.0754394531,"17":3089.7153320312,"18":2987.5678710938,"19":2947.8447265625},"val_acc":{"0":0.5409275889,"1":0.5376141667,"2":0.540420711,"3":0.5367693305,"4":0.5286794305,"5":0.5353021622,"6":0.5154297352,"7":0.5060251951,"8":0.5158789754,"9":0.509734273,"10":0.5222585797,"11":0.5199878216,"12":0.5037667751,"13":0.4995549023,"14":0.4955738485,"15":0.4997856915,"16":0.4806922078,"17":0.4792374074,"18":0.5000041127,"19":0.504150033}}