{"loss":{"0":3476.1850585938,"1":2348.8962402344,"2":1976.1899414062,"3":1644.6427001953,"4":1510.4613037109,"5":1486.8720703125,"6":1469.7875976562,"7":1504.8605957031,"8":1384.1192626953,"9":1370.2076416016},"acc":{"0":0.5117871165,"1":0.5394169092,"2":0.5378991365,"3":0.5309957862,"4":0.5335009098,"5":0.5315098166,"6":0.517817378,"7":0.5281479359,"8":0.5296819806,"9":0.5297064781},"val_loss":{"0":2811.6467285156,"1":2967.8137207031,"2":2796.6298828125,"3":3583.9086914062,"4":3444.8322753906,"5":3479.6162109375,"6":4376.8095703125,"7":3669.4143066406,"8":4026.3581542969,"9":3768.7939453125},"val_acc":{"0":0.5010014772,"1":0.4348191619,"2":0.4303105772,"3":0.4347573519,"4":0.4009841383,"5":0.4499604404,"6":0.408867985,"7":0.47478652,"8":0.4736325741,"9":0.5036019087}}